{
    "RMSE": 6502.283026772689,
    "MAE": 4507.7560213333545,
    "MAPE": 28.861520387801313,
    "Pearson_R": 0.5222777463123257
}