{
    "RMSE": 9054.6708984375,
    "MAE": 7034.15966796875,
    "MAPE": 44.073585510253906,
    "Pearson_R": 0.07016631574569808
}