{
    "RMSE": 11912.6689453125,
    "MAE": 9902.076171875,
    "MAPE": 67.34374237060547,
    "Pearson_R": 0.020170038195762702
}