{
    "RMSE": 11843.2685546875,
    "MAE": 9840.654296875,
    "MAPE": 66.83247375488281,
    "Pearson_R": 0.020564703890852073
}