{
    "RMSE": 1453.220630298197,
    "MAE": 802.0741852308257,
    "MAPE": 68.11326845586152,
    "Pearson_R": 0.9145121445326295,
    "R2": 0.46159051547258567
}