{
    "RMSE": 2655.93845472768,
    "MAE": 1760.4776276814898,
    "MAPE": 114.84299231105308,
    "Pearson_R": 0.8978430354868021,
    "R2": -0.7983971540696646
}