{
    "RMSE": 1708.3714058470193,
    "MAE": 1052.1226407712936,
    "MAPE": 38.77742238558587,
    "Pearson_R": 0.8184538897258917,
    "R2": 0.6423855690129932
}