{
    "RMSE": 1691.5291287149025,
    "MAE": 967.2599467403462,
    "MAPE": 74.48993541826749,
    "Pearson_R": 0.9117168919975496,
    "R2": 0.2705281214204529
}