{
    "RMSE": 1263.7957414808013,
    "MAE": 752.2396470262476,
    "MAPE": 35.45305541477559,
    "Pearson_R": 0.9042409368344343,
    "R2": 0.804293962610678
}