{
  "景色_pearsonr": 0.8969641327857971,
  "景色_rmse": 0.09830405427852638,
  "景色_mae": 0.05534789338707924,
  "景色_accuracy": 0.8581314878892734,
  "交通_pearsonr": 0.8479549288749695,
  "交通_rmse": 0.08339178530050405,
  "交通_mae": 0.0461432971060276,
  "交通_accuracy": 0.8858131487889274,
  "美食_pearsonr": 0.7025020122528076,
  "美食_rmse": 0.05902898195949687,
  "美食_mae": 0.025469353422522545,
  "美食_accuracy": 0.9515570934256056,
  "消费_pearsonr": 0.8108609914779663,
  "消费_rmse": 0.10520217461626262,
  "消费_mae": 0.06246495991945267,
  "消费_accuracy": 0.8200692041522492,
  "服务_pearsonr": 0.9286401271820068,
  "服务_rmse": 0.10134328512578604,
  "服务_mae": 0.06152685731649399,
  "服务_accuracy": 0.8304498269896193,
  "avg_pearsonr": 0.8373844385147095,
  "avg_rmse": 0.0894540562561152,
  "avg_mae": 0.05019047223031521,
  "avg_accuracy": 0.8692041522491349
}