{
  "景色_pearsonr": 0.9002703428268433,
  "景色_rmse": 0.3893509496422279,
  "景色_mae": 0.2023138850927353,
  "景色_accuracy": 0.8615916955017301,
  "交通_pearsonr": 0.8580633997917175,
  "交通_rmse": 0.3270866677343081,
  "交通_mae": 0.1602717936038971,
  "交通_accuracy": 0.8685121107266436,
  "美食_pearsonr": 0.7722342610359192,
  "美食_rmse": 0.2111882556033609,
  "美食_mae": 0.07042941451072693,
  "美食_accuracy": 0.9515570934256056,
  "消费_pearsonr": 0.8077913522720337,
  "消费_rmse": 0.41910000592711655,
  "消费_mae": 0.23367750644683838,
  "消费_accuracy": 0.8062283737024222,
  "服务_pearsonr": 0.9263086318969727,
  "服务_rmse": 0.4176411280550673,
  "服务_mae": 0.24872995913028717,
  "服务_accuracy": 0.8269896193771626,
  "avg_pearsonr": 0.8529335975646972,
  "avg_rmse": 0.3528734013924162,
  "avg_mae": 0.18308451175689697,
  "avg_accuracy": 0.8629757785467127,
  "loss": 0.33114047270072133,
  "mse_loss": 0.1337066588825301,
  "pearson_loss": 0.19743381185751213,
  "loss_config": {
    "mse_weight": 1.0,
    "pearson_weight": 1.0
  }
}