{
    "RMSE": 1503.3391784581906,
    "MAE": 877.7363444553503,
    "MAPE": 69.36305149170822,
    "Pearson_R": 0.9158380230607253,
    "R2": 0.4238128824745421
}