{
    "RMSE": 4975.396948403008,
    "MAE": 2659.4554310929093,
    "MAPE": 138.78052039853867,
    "Pearson_R": 0.781439445901344,
    "R2": -5.311100026214955
}