{
    "RMSE": 2186.1093265841187,
    "MAE": 1255.5674951171682,
    "MAPE": 82.09719508567728,
    "Pearson_R": 0.9101739395347772,
    "R2": -0.2184096968065481
}