{
    "RMSE": 2240.407763731907,
    "MAE": 1408.6392711156568,
    "MAPE": 98.55313968805255,
    "Pearson_R": 0.8898481820078141,
    "R2": -0.27968691868757967
}