{
    "RMSE": 10436.325212933642,
    "MAE": 7916.924176013306,
    "MAPE": 70.90567906500614,
    "Pearson_R": 0.21923328525428235
}