{
    "RMSE": 10210.846039101809,
    "MAE": 7785.557103050454,
    "MAPE": 69.7691467201394,
    "Pearson_R": 0.22379636157001578
}