{
    "RMSE": 6421.124599884798,
    "MAE": 5015.426380956574,
    "MAPE": 43.4167741061387,
    "Pearson_R": 0.3214286900755628
}