{
    "RMSE": 2121.8111902991886,
    "MAE": 1109.4509611808126,
    "MAPE": 38.960486024641995,
    "Pearson_R": 0.7102686209055062,
    "R2": 0.4479241377684522
}