{
    "RMSE": 2089.898201153175,
    "MAE": 1325.4616702428764,
    "MAPE": 93.96632306623385,
    "Pearson_R": 0.9109598048668311,
    "R2": -0.11352470502899337
}