{
    "RMSE": 3161.9788013200414,
    "MAE": 1567.2708809847898,
    "MAPE": 61.297773884638985,
    "Pearson_R": 0.8035387354173301,
    "R2": -0.22509101944834464
}