{
    "RMSE": 1780.2125118322394,
    "MAE": 1152.4248928229026,
    "MAPE": 49.35116264379856,
    "Pearson_R": 0.7761003710896964,
    "R2": 0.5101474478495935
}