{
    "RMSE": 1977.465789934873,
    "MAE": 1202.5958826900378,
    "MAPE": 88.36807705101877,
    "Pearson_R": 0.8996281968879131,
    "R2": 0.003063376667299056
}