{
    "RMSE": 2424.4551070194375,
    "MAE": 1636.3577876540055,
    "MAPE": 107.16369649136914,
    "Pearson_R": 0.9059762775657081,
    "R2": -0.49857293993187324
}