{
    "RMSE": 2475.421451029839,
    "MAE": 1493.8707612090982,
    "MAPE": 91.94535237138352,
    "Pearson_R": 0.9042401219555146,
    "R2": -0.5622405009036622
}