{
    "RMSE": 15586.273093311514,
    "MAE": 14363.73652522108,
    "MAPE": 142.23876206244037,
    "Pearson_R": 0.7372943313796567
}