{
  "analysis_time": "2026-01-24 19:30:11",
  "fiscal_years": {
    "2023": {
      "breaks": [
        490.125,
        1566.3154761904761,
        3458.904761904762,
        5374.648809523809
      ],
      "gvf": 0.8817432282766579,
      "season_distribution": {
        "淡季": 33,
        "平季": 14,
        "旺季": 5
      }
    },
    "2024": {
      "breaks": [
        493.3333333333333,
        1540.0833333333333,
        3552.6726190476193,
        5392.952380952381
      ],
      "gvf": 0.8796613081628516,
      "season_distribution": {
        "淡季": 32,
        "平季": 15,
        "旺季": 5
      }
    }
  }
}