{
    "RMSE": 4824.579044509625,
    "MAE": 3814.6101790905213,
    "MAPE": 34.10416427837785,
    "Pearson_R": 0.5958953641351998
}