{
    "RMSE": 2045.358813925872,
    "MAE": 1156.7395192599743,
    "MAPE": 38.479559594246766,
    "Pearson_R": 0.7655741473369423,
    "R2": 0.48738718216327626
}