{
    "RMSE": 1426.2667270842176,
    "MAE": 797.7052655828649,
    "MAPE": 68.15884482237668,
    "Pearson_R": 0.901124247993282,
    "R2": 0.48137781068529517
}