{
  "analysis_time": "2026-01-26 22:14:41",
  "fiscal_years": {
    "2023": {
      "breaks": [
        2180.1428571428573,
        7207.777777777777,
        14097.42857142857,
        29723.14285714286
      ],
      "gvf": 0.8466030970412234,
      "season_distribution": {
        "淡季": 33,
        "平季": 14,
        "旺季": 5
      }
    },
    "2024": {
      "breaks": [
        2138.0,
        6790.285714285715,
        14448.57142857143,
        29944.285714285714
      ],
      "gvf": 0.84930902137463,
      "season_distribution": {
        "淡季": 32,
        "平季": 15,
        "旺季": 5
      }
    }
  }
}