{
    "RMSE": 5982.7463946978,
    "MAE": 3822.5106136255104,
    "MAPE": 24.13733749499154,
    "Pearson_R": 0.5239370102578647
}