{
    "RMSE": 8335.684595925897,
    "MAE": 7010.8708594025275,
    "MAPE": 67.5274968919509,
    "Pearson_R": 0.7856332322900753
}