{
    "RMSE": 2136.024536301573,
    "MAE": 1258.4572153708573,
    "MAPE": 85.09894196468582,
    "Pearson_R": 0.9146885115567347,
    "R2": -0.16322055184231954
}