{
    "RMSE": 2192.8498544938316,
    "MAE": 1315.7954807723947,
    "MAPE": 96.72364318205082,
    "Pearson_R": 0.8999303451118071,
    "R2": -0.225934833629158
}