{
    "RMSE": 1482.222741323206,
    "MAE": 853.9947018764357,
    "MAPE": 46.24091886687283,
    "Pearson_R": 0.8288683408926958,
    "R2": 0.6604149038854519
}