{
    "RMSE": 1945.4561543607308,
    "MAE": 1124.4142779289546,
    "MAPE": 49.54597344893098,
    "Pearson_R": 0.8337938087672072,
    "R2": 0.536383100346168
}