{
    "RMSE": 5733.896135402872,
    "MAE": 3742.7480218205806,
    "MAPE": 24.592680940716868,
    "Pearson_R": 0.5177726827952722
}