{
    "RMSE": 1694.936392858979,
    "MAE": 1036.0496462741355,
    "MAPE": 81.42212648422317,
    "Pearson_R": 0.9106599155298247,
    "R2": 0.267586396538522
}