{
    "RMSE": 1745.8810740033246,
    "MAE": 1086.001970100982,
    "MAPE": 83.88376607548517,
    "Pearson_R": 0.8744488638103659,
    "R2": 0.22289642530156806
}