{
    "RMSE": 2671.4543856047017,
    "MAE": 1616.1647130496879,
    "MAPE": 100.84625578283315,
    "Pearson_R": 0.889459643905962,
    "R2": -0.8194709199740122
}