{
    "RMSE": 1570.3663595055718,
    "MAE": 896.8356087931608,
    "MAPE": 37.93445380137306,
    "Pearson_R": 0.839491552685071,
    "R2": 0.6978292554348531
}