{
    "RMSE": 2759.2104513664135,
    "MAE": 1713.4914504443586,
    "MAPE": 105.75742345627057,
    "Pearson_R": 0.9046194091725939,
    "R2": -0.9409718879370017
}