{
    "RMSE": 2258.0919412476424,
    "MAE": 1346.0023044891386,
    "MAPE": 88.85612653424873,
    "Pearson_R": 0.8793090731192081,
    "R2": -0.2999685159540466
}