{
    "RMSE": 1247.5447048143417,
    "MAE": 727.5543532486903,
    "MAPE": 61.71426424810746,
    "Pearson_R": 0.8993410229528829,
    "R2": 0.6032089872212298
}