{
    "RMSE": 18783.165410774287,
    "MAE": 10282.489080808515,
    "MAPE": 361.44904333894425,
    "Pearson_R": 0.7889726885595671,
    "R2": -88.94709853710434
}