{
    "RMSE": 1565.0218290677838,
    "MAE": 957.2206670695796,
    "MAPE": 64.93968868266715,
    "Pearson_R": 0.8407278604349543,
    "R2": 0.6224756561665399
}