{
    "RMSE": 1799.7163700589092,
    "MAE": 1145.5814357039792,
    "MAPE": 84.56470083505467,
    "Pearson_R": 0.913250304809956,
    "R2": 0.17423261350046082
}