{
  "景色_pearsonr": 0.7571243047714233,
  "景色_rmse": 0.10334925057007288,
  "景色_mae": 0.04153383523225784,
  "景色_accuracy": 0.8901515151515151,
  "交通_pearsonr": 0.7883590459823608,
  "交通_rmse": 0.0474437786606873,
  "交通_mae": 0.011732881888747215,
  "交通_accuracy": 0.9734848484848485,
  "美食_pearsonr": 0.9684898853302002,
  "美食_rmse": 0.027433967133495555,
  "美食_mae": 0.008802683092653751,
  "美食_accuracy": 0.9886363636363636,
  "门票_pearsonr": 0.5864784121513367,
  "门票_rmse": 0.02272045860488511,
  "门票_mae": 0.006040558684617281,
  "门票_accuracy": 0.9886363636363636,
  "服务_pearsonr": 0.8755791187286377,
  "服务_rmse": 0.047823342935721214,
  "服务_mae": 0.014838064089417458,
  "服务_accuracy": 0.9621212121212122,
  "avg_pearsonr": 0.7952061533927918,
  "avg_rmse": 0.049754159580972415,
  "avg_mae": 0.01658960459753871,
  "avg_accuracy": 0.9606060606060607
}