{
    "RMSE": 1758.232474197504,
    "MAE": 1049.5436704822189,
    "MAPE": 81.28177176716574,
    "Pearson_R": 0.8509670218442457,
    "R2": 0.21186214640730794
}