{
    "RMSE": 1798.7151204392596,
    "MAE": 1058.8916546068444,
    "MAPE": 39.95645711297921,
    "Pearson_R": 0.7894239352932655,
    "R2": 0.6038604203463471
}