{
    "RMSE": 1806.963305044355,
    "MAE": 1060.5599480858996,
    "MAPE": 37.50006797974857,
    "Pearson_R": 0.7877227157527266,
    "R2": 0.5999179059167369
}