{
    "RMSE": 1611.545473458954,
    "MAE": 981.7095979315183,
    "MAPE": 78.59936801904983,
    "Pearson_R": 0.9045401992883776,
    "R2": 0.33788302561246786
}