{
    "RMSE": 1401.712055981218,
    "MAE": 799.4807867619213,
    "MAPE": 67.06069436613001,
    "Pearson_R": 0.9089887165874876,
    "R2": 0.4990813402570575
}