{
    "RMSE": 5095.579891529098,
    "MAE": 2996.115556485424,
    "MAPE": 140.3657335886907,
    "Pearson_R": 0.8574068390188233,
    "R2": -5.619677361875517
}