{
  "景色_pearsonr": 0.7632688283920288,
  "景色_rmse": 0.39950663046532653,
  "景色_mae": 0.166432723402977,
  "景色_accuracy": 0.8901515151515151,
  "交通_pearsonr": 0.7790151834487915,
  "交通_rmse": 0.18837984598023286,
  "交通_mae": 0.03843562677502632,
  "交通_accuracy": 0.9696969696969697,
  "美食_pearsonr": 0.9389578700065613,
  "美食_rmse": 0.14239972855245375,
  "美食_mae": 0.03315360099077225,
  "美食_accuracy": 0.9772727272727273,
  "门票_pearsonr": 0.6182863712310791,
  "门票_rmse": 0.08688933577967634,
  "门票_mae": 0.018889853730797768,
  "门票_accuracy": 0.9962121212121212,
  "服务_pearsonr": 0.8462119102478027,
  "服务_rmse": 0.20790118856159112,
  "服务_mae": 0.054585110396146774,
  "服务_accuracy": 0.9696969696969697,
  "avg_pearsonr": 0.7891480326652527,
  "avg_rmse": 0.20501534586785614,
  "avg_mae": 0.06229938305914402,
  "avg_accuracy": 0.9606060606060606,
  "loss": 0.692180954358157,
  "mse_loss": 0.05339968234629316,
  "pearson_loss": 0.6387812714366352,
  "loss_config": {
    "mse_weight": 1.0,
    "pearson_weight": 1.0
  }
}