{
    "RMSE": 1732.7774080281838,
    "MAE": 1006.1095074440182,
    "MAPE": 76.76359548690816,
    "Pearson_R": 0.89999752123019,
    "R2": 0.23451771159912216
}