{
    "RMSE": 1542.2262327187116,
    "MAE": 912.3563641657562,
    "MAPE": 41.11844985694465,
    "Pearson_R": 0.8545720921352725,
    "R2": 0.7085617030570001
}