{
    "RMSE": 2725.9138010972038,
    "MAE": 1806.3545441370716,
    "MAPE": 111.84859744039551,
    "Pearson_R": 0.8850743703470113,
    "R2": -0.8944093539576967
}