{
    "RMSE": 5721.863959851943,
    "MAE": 3771.5339178952963,
    "MAPE": 23.89024325415309,
    "Pearson_R": 0.6034987895360469
}