{
  "景色_pearsonr": 0.9047032594680786,
  "景色_rmse": 0.37839331761945966,
  "景色_mae": 0.19657090306282043,
  "景色_accuracy": 0.8581314878892734,
  "交通_pearsonr": 0.8611745834350586,
  "交通_rmse": 0.3238757283707927,
  "交通_mae": 0.1572849303483963,
  "交通_accuracy": 0.8858131487889274,
  "美食_pearsonr": 0.7677994966506958,
  "美食_rmse": 0.2092681722549335,
  "美食_mae": 0.0667569637298584,
  "美食_accuracy": 0.9550173010380623,
  "消费_pearsonr": 0.8095289468765259,
  "消费_rmse": 0.42085750938442484,
  "消费_mae": 0.23598408699035645,
  "消费_accuracy": 0.8235294117647058,
  "服务_pearsonr": 0.9347227811813354,
  "服务_rmse": 0.3899754655285613,
  "服务_mae": 0.23295429348945618,
  "服务_accuracy": 0.8373702422145328,
  "avg_pearsonr": 0.8555858135223389,
  "avg_rmse": 0.3444740386316344,
  "avg_mae": 0.17791023552417756,
  "avg_accuracy": 0.8719723183391004,
  "loss": 0.3249681293964386,
  "mse_loss": 0.1268799355939815,
  "pearson_loss": 0.19808819497886457,
  "loss_config": {
    "mse_weight": 1.0,
    "pearson_weight": 1.0
  }
}