{
    "RMSE": 4232.2447657338325,
    "MAE": 2572.3017690156653,
    "MAPE": 141.95957635101962,
    "Pearson_R": 0.8893388683532366,
    "R2": -3.566580792519326
}