{
    "RMSE": 2435.135602807134,
    "MAE": 1405.1398844008934,
    "MAPE": 48.6197177674643,
    "Pearson_R": 0.6077260608227607
}