{
    "RMSE": 1959.9931853366102,
    "MAE": 1227.4090086989884,
    "MAPE": 93.21928124779606,
    "Pearson_R": 0.8952627218771049,
    "R2": 0.020603122003325924
}