{
    "RMSE": 1059.2209939292898,
    "MAE": 613.7385561174347,
    "MAPE": 56.594203104012145,
    "Pearson_R": 0.9177381276461195,
    "R2": 0.713962645631068
}