{
    "RMSE": 1810.6384475901523,
    "MAE": 1127.5364873636756,
    "MAPE": 42.95071804425008,
    "Pearson_R": 0.8070360874677122,
    "R2": 0.5981641687598719
}