{
    "RMSE": 1866.9724955559263,
    "MAE": 1139.2906638139782,
    "MAPE": 82.53232059073073,
    "Pearson_R": 0.9123326403120404,
    "R2": 0.11136087099377179
}