{
    "RMSE": 2378.579051661839,
    "MAE": 1432.545448535586,
    "MAPE": 90.72338278592854,
    "Pearson_R": 0.9007738432439619,
    "R2": -0.44239687217033263
}