{
  "景色_pearsonr": 0.7512755393981934,
  "景色_rmse": 0.105189186913659,
  "景色_mae": 0.04192495346069336,
  "景色_accuracy": 0.8977272727272727,
  "交通_pearsonr": 0.6969588994979858,
  "交通_rmse": 0.05115351265587305,
  "交通_mae": 0.011142846196889877,
  "交通_accuracy": 0.9734848484848485,
  "美食_pearsonr": 0.9777262210845947,
  "美食_rmse": 0.023308262297551317,
  "美食_mae": 0.00594913586974144,
  "美食_accuracy": 0.9886363636363636,
  "门票_pearsonr": 0.4530799388885498,
  "门票_rmse": 0.025567355533560678,
  "门票_mae": 0.005890998523682356,
  "门票_accuracy": 0.9924242424242424,
  "服务_pearsonr": 0.867016077041626,
  "服务_rmse": 0.04871869222039301,
  "服务_mae": 0.013955813832581043,
  "服务_accuracy": 0.9621212121212122,
  "avg_pearsonr": 0.74921133518219,
  "avg_rmse": 0.05078740192420741,
  "avg_mae": 0.015772749576717614,
  "avg_accuracy": 0.9628787878787879
}