{
  "景色_pearsonr": 0.762898325920105,
  "景色_rmse": 0.10135829092686527,
  "景色_mae": 0.03716030344367027,
  "景色_accuracy": 0.8825757575757576,
  "交通_pearsonr": 0.7962729930877686,
  "交通_rmse": 0.04631484134736419,
  "交通_mae": 0.010341030545532703,
  "交通_accuracy": 0.9734848484848485,
  "美食_pearsonr": 0.968266487121582,
  "美食_rmse": 0.026430875411598956,
  "美食_mae": 0.007166319061070681,
  "美食_accuracy": 0.9848484848484849,
  "门票_pearsonr": 0.502461314201355,
  "门票_rmse": 0.025403051819920586,
  "门票_mae": 0.007413862273097038,
  "门票_accuracy": 0.9886363636363636,
  "服务_pearsonr": 0.8725467324256897,
  "服务_rmse": 0.04795774288897023,
  "服务_mae": 0.013867734931409359,
  "服务_accuracy": 0.9659090909090909,
  "avg_pearsonr": 0.7804891705513001,
  "avg_rmse": 0.049492960478943845,
  "avg_mae": 0.015189850050956012,
  "avg_accuracy": 0.9590909090909092
}