{
  "RMSE": 1186.167401992769,
  "MAE": 749.0409484291444,
  "MAPE": 31.194869378581124,
  "Pearson_R": 0.9164206893210348,
  "R2": 0.828049767051713
}