{
  "景色_pearsonr": 0.7676570415496826,
  "景色_rmse": 0.10144415709697242,
  "景色_mae": 0.03805576264858246,
  "景色_accuracy": 0.8977272727272727,
  "交通_pearsonr": 0.8186427354812622,
  "交通_rmse": 0.044879963749550424,
  "交通_mae": 0.010543166659772396,
  "交通_accuracy": 0.9734848484848485,
  "美食_pearsonr": 0.9617576599121094,
  "美食_rmse": 0.029510208096899363,
  "美食_mae": 0.008503676392138004,
  "美食_accuracy": 0.9886363636363636,
  "门票_pearsonr": 0.08174529671669006,
  "门票_rmse": 0.03443821815946539,
  "门票_mae": 0.007794656325131655,
  "门票_accuracy": 0.9848484848484849,
  "服务_pearsonr": 0.876029372215271,
  "服务_rmse": 0.04735080564520585,
  "服务_mae": 0.015197296626865864,
  "服务_accuracy": 0.9696969696969697,
  "avg_pearsonr": 0.701166421175003,
  "avg_rmse": 0.05152467054961869,
  "avg_mae": 0.016018911730498075,
  "avg_accuracy": 0.9628787878787879
}