{
    "RMSE": 1463.4796505376603,
    "MAE": 918.8865719808778,
    "MAPE": 74.71100580813264,
    "Pearson_R": 0.9222433180474072,
    "R2": 0.4539618726294766
}