{
    "RMSE": 1650.117336417632,
    "MAE": 993.8786238618826,
    "MAPE": 79.25433703543557,
    "Pearson_R": 0.902971320752082,
    "R2": 0.3058085718172905
}