{
    "comment": "导游非常好，全程保姆式服务，拍照，全方位讲解，人的智慧，佛的慈悲。你若慈悲，岁月无恙。",
    "timestamp": "2025-11-28 18:11:48",
    "model_info": {
        "checkpoint_path": "E:\\2024liushaoxuan\\learn\\shiyan1\\data\\输出\\m4_baseline\\checkpoints\\best_model\\best_checkpoint.pt",
        "epoch": 12,
        "model_name": "hfl/chinese-macbert-base",
        "num_labels": 5,
        "metrics": {
            "景色_pearsonr": 0.874977707862854,
            "景色_rmse": 0.07231637744803054,
            "景色_mae": 0.03209633007645607,
            "景色_accuracy": 0.9242424242424242,
            "交通_pearsonr": 0.2547655999660492,
            "交通_rmse": 0.051228361402734165,
            "交通_mae": 0.019765695556998253,
            "交通_accuracy": 0.9734848484848485,
            "美食_pearsonr": 0.6399812698364258,
            "美食_rmse": 0.0674351026294074,
            "美食_mae": 0.024129651486873627,
            "美食_accuracy": 0.9621212121212122,
            "门票_pearsonr": 0.40269431471824646,
            "门票_rmse": 0.03855859464193812,
            "门票_mae": 0.01786959543824196,
            "门票_accuracy": 0.9772727272727273,
            "服务_pearsonr": 0.8426851034164429,
            "服务_rmse": 0.06486977663860558,
            "服务_mae": 0.020293928682804108,
            "服务_accuracy": 0.9734848484848485,
            "avg_pearsonr": 0.6030207991600036,
            "avg_rmse": 0.05888164255214316,
            "avg_mae": 0.022831040248274804,
            "avg_accuracy": 0.9621212121212122
        }
    },
    "continuous_scores": {
        "景色": -0.11347353458404541,
        "交通": 0.05399489402770996,
        "美食": 0.19165325164794922,
        "门票": 0.02381110191345215,
        "服务": 1.9000391960144043
    },
    "normalized_scores": {
        "景色": 0.47163161635398865,
        "交通": 0.5134987235069275,
        "美食": 0.5479133129119873,
        "门票": 0.505952775478363,
        "服务": 0.9750097990036011
    },
    "discrete_scores": {
        "景色": 0,
        "交通": 0,
        "美食": 0,
        "门票": 0,
        "服务": 2
    },
    "score_labels": {
        "景色": "一般",
        "交通": "一般",
        "美食": "一般",
        "门票": "一般",
        "服务": "很好"
    },
    "average_normalized": 0.6028012037277222,
    "average_continuous": 0.411204993724823,
    "average_discrete": 0.4
}