{
    "comment": "风景真的跟美，很适合和家人一起出去玩，就是人太多了，排队排了很久",
    "timestamp": "2025-11-28 18:13:22",
    "model_info": {
        "checkpoint_path": "E:\\2024liushaoxuan\\learn\\shiyan1\\data\\输出\\m4_baseline\\checkpoints\\best_model\\best_checkpoint.pt",
        "epoch": 12,
        "model_name": "hfl/chinese-macbert-base",
        "num_labels": 5,
        "metrics": {
            "景色_pearsonr": 0.874977707862854,
            "景色_rmse": 0.07231637744803054,
            "景色_mae": 0.03209633007645607,
            "景色_accuracy": 0.9242424242424242,
            "交通_pearsonr": 0.2547655999660492,
            "交通_rmse": 0.051228361402734165,
            "交通_mae": 0.019765695556998253,
            "交通_accuracy": 0.9734848484848485,
            "美食_pearsonr": 0.6399812698364258,
            "美食_rmse": 0.0674351026294074,
            "美食_mae": 0.024129651486873627,
            "美食_accuracy": 0.9621212121212122,
            "门票_pearsonr": 0.40269431471824646,
            "门票_rmse": 0.03855859464193812,
            "门票_mae": 0.01786959543824196,
            "门票_accuracy": 0.9772727272727273,
            "服务_pearsonr": 0.8426851034164429,
            "服务_rmse": 0.06486977663860558,
            "服务_mae": 0.020293928682804108,
            "服务_accuracy": 0.9734848484848485,
            "avg_pearsonr": 0.6030207991600036,
            "avg_rmse": 0.05888164255214316,
            "avg_mae": 0.022831040248274804,
            "avg_accuracy": 0.9621212121212122
        }
    },
    "continuous_scores": {
        "景色": 1.9153380393981934,
        "交通": -0.13584649562835693,
        "美食": 0.1504509449005127,
        "门票": 0.09163713455200195,
        "服务": -0.36812686920166016
    },
    "normalized_scores": {
        "景色": 0.9788345098495483,
        "交通": 0.46603837609291077,
        "美食": 0.5376127362251282,
        "门票": 0.5229092836380005,
        "服务": 0.40796828269958496
    },
    "discrete_scores": {
        "景色": 2,
        "交通": 0,
        "美食": 0,
        "门票": 0,
        "服务": 0
    },
    "score_labels": {
        "景色": "很好",
        "交通": "一般",
        "美食": "一般",
        "门票": "一般",
        "服务": "一般"
    },
    "average_normalized": 0.582672655582428,
    "average_continuous": 0.33069056272506714,
    "average_discrete": 0.4
}