{
    "comment": "导游服务好，司机开车稳当。没吃团餐也及时把餐费退给我了。导游推荐的饭店味道不错，分量很足。",
    "timestamp": "2025-11-28 18:12:15",
    "model_info": {
        "checkpoint_path": "E:\\2024liushaoxuan\\learn\\shiyan1\\data\\输出\\m4_baseline\\checkpoints\\best_model\\best_checkpoint.pt",
        "epoch": 12,
        "model_name": "hfl/chinese-macbert-base",
        "num_labels": 5,
        "metrics": {
            "景色_pearsonr": 0.874977707862854,
            "景色_rmse": 0.07231637744803054,
            "景色_mae": 0.03209633007645607,
            "景色_accuracy": 0.9242424242424242,
            "交通_pearsonr": 0.2547655999660492,
            "交通_rmse": 0.051228361402734165,
            "交通_mae": 0.019765695556998253,
            "交通_accuracy": 0.9734848484848485,
            "美食_pearsonr": 0.6399812698364258,
            "美食_rmse": 0.0674351026294074,
            "美食_mae": 0.024129651486873627,
            "美食_accuracy": 0.9621212121212122,
            "门票_pearsonr": 0.40269431471824646,
            "门票_rmse": 0.03855859464193812,
            "门票_mae": 0.01786959543824196,
            "门票_accuracy": 0.9772727272727273,
            "服务_pearsonr": 0.8426851034164429,
            "服务_rmse": 0.06486977663860558,
            "服务_mae": 0.020293928682804108,
            "服务_accuracy": 0.9734848484848485,
            "avg_pearsonr": 0.6030207991600036,
            "avg_rmse": 0.05888164255214316,
            "avg_mae": 0.022831040248274804,
            "avg_accuracy": 0.9621212121212122
        }
    },
    "continuous_scores": {
        "景色": -0.3445347547531128,
        "交通": 0.6303932666778564,
        "美食": 1.326517105102539,
        "门票": 0.3021230697631836,
        "服务": 1.889249324798584
    },
    "normalized_scores": {
        "景色": 0.4138663113117218,
        "交通": 0.6575983166694641,
        "美食": 0.8316292762756348,
        "门票": 0.5755307674407959,
        "服务": 0.972312331199646
    },
    "discrete_scores": {
        "景色": 0,
        "交通": 1,
        "美食": 1,
        "门票": 0,
        "服务": 2
    },
    "score_labels": {
        "景色": "一般",
        "交通": "较好",
        "美食": "较好",
        "门票": "一般",
        "服务": "很好"
    },
    "average_normalized": 0.6901874542236328,
    "average_continuous": 0.7607496380805969,
    "average_discrete": 0.8
}