{
    "RMSE": 2420.907662962133,
    "MAE": 1511.9431221365394,
    "MAPE": 41.282207204493574,
    "Pearson_R": 0.7092795819867567,
    "R2": 0.28186366900942883
}