{
    "RMSE": 2136.4624011071605,
    "MAE": 1298.1916006571519,
    "MAPE": 90.53107273726121,
    "Pearson_R": 0.9067072755445339,
    "R2": -0.16369749912114284
}