{
    "RMSE": 2627.1210678608268,
    "MAE": 1626.5051352925727,
    "MAPE": 100.29398817158359,
    "Pearson_R": 0.8841472625759372,
    "R2": -0.7595830386305109
}