{
    "RMSE": 1859.4746665019331,
    "MAE": 1111.3837344329731,
    "MAPE": 78.09793455432877,
    "Pearson_R": 0.8840130036916095,
    "R2": 0.1184841522888781
}