{
    "RMSE": 1802.4735489108234,
    "MAE": 1059.4056219263075,
    "MAPE": 49.54698020823239,
    "Pearson_R": 0.8137993533384582,
    "R2": 0.4978199247783667
}