{
    "RMSE": 2323.8645565012903,
    "MAE": 1450.5579663893247,
    "MAPE": 90.35520466731309,
    "Pearson_R": 0.9133680999672406,
    "R2": -0.37680113981785857
}