{
    "RMSE": 2292.64911082427,
    "MAE": 1163.711103282328,
    "MAPE": 41.90517039129335,
    "Pearson_R": 0.6478265495684702,
    "R2": 0.3559410336778134
}