{
    "RMSE": 1733.0737990841621,
    "MAE": 1037.8176716579983,
    "MAPE": 79.78033487860093,
    "Pearson_R": 0.9096856335811878,
    "R2": 0.23425581817092012
}