{
    "RMSE": 9694.745444563161,
    "MAE": 9021.360279104869,
    "MAPE": 93.36495906754575,
    "Pearson_R": 0.7241150201164617
}