{
    "RMSE": 1877.0725551500293,
    "MAE": 1105.3184687070666,
    "MAPE": 82.09642256765932,
    "Pearson_R": 0.8777643702154996,
    "R2": 0.10172003722489176
}