{
    "RMSE": 1594.194180129977,
    "MAE": 947.1277319421166,
    "MAPE": 54.68209941325306,
    "Pearson_R": 0.8256502685712485,
    "R2": 0.6071704806102753
}