{
  "analysis_time": "2026-01-24 20:46:20",
  "fiscal_years": {
    "2023": {
      "breaks": [
        3468.714285714286,
        10318.714285714286,
        20335.285714285714,
        33364.857142857145
      ],
      "gvf": 0.8934481582799426,
      "season_distribution": {
        "淡季": 28,
        "平季": 18,
        "旺季": 6
      }
    },
    "2024": {
      "breaks": [
        1777.2857142857142,
        5170.0,
        10013.42857142857,
        16584.85714285714
      ],
      "gvf": 0.9049426040433908,
      "season_distribution": {
        "淡季": 27,
        "平季": 16,
        "旺季": 9
      }
    }
  }
}